Workbook

Sheet report
A1: month | B1: week | C1: day | D1: DAU | E1: WAU | F1: MAU | G1: SFW | H1: SFM
A2: =MONTH(C2) -> 7 | B2: =_xlfn.ISOWEEKNUM(C2) -> 27 | C2: 45840 | D2: 3 | E2: =VLOOKUP(B2, wau!A:C,3,0) -> 17 | F2: =VLOOKUP(A2,mau!A:C,3,0) -> 193 | G2: =D2/E2 -> 0.17647059 | H2: =D2/F2 -> 0.015544041
A3: =MONTH(C3) -> 7 | B3: =_xlfn.ISOWEEKNUM(C3) -> 27 | C3: 45841 | D3: 6 | E3: =VLOOKUP(B3, wau!A:C,3,0) -> 17 | F3: =VLOOKUP(A3,mau!A:C,3,0) -> 193 | G3: =D3/E3 -> 0.35294118 | H3: =D3/F3 -> 0.031088083
A4: =MONTH(C4) -> 7 | B4: =_xlfn.ISOWEEKNUM(C4) -> 27 | C4: 45842 | D4: 5 | E4: =VLOOKUP(B4, wau!A:C,3,0) -> 17 | F4: =VLOOKUP(A4,mau!A:C,3,0) -> 193 | G4: =D4/E4 -> 0.29411765 | H4: =D4/F4 -> 0.025906736
A5: =MONTH(C5) -> 7 | B5: =_xlfn.ISOWEEKNUM(C5) -> 27 | C5: 45843 | D5: 10 | E5: =VLOOKUP(B5, wau!A:C,3,0) -> 17 | F5: =VLOOKUP(A5,mau!A:C,3,0) -> 193 | G5: =D5/E5 -> 0.58823529 | H5: =D5/F5 -> 0.051813472
A6: =MONTH(C6) -> 7 | B6: =_xlfn.ISOWEEKNUM(C6) -> 27 | C6: 45844 | D6: 5 | E6: =VLOOKUP(B6, wau!A:C,3,0) -> 17 | F6: =VLOOKUP(A6,mau!A:C,3,0) -> 193 | G6: =D6/E6 -> 0.29411765 | H6: =D6/F6 -> 0.025906736
A7: =MONTH(C7) -> 7 | B7: =_xlfn.ISOWEEKNUM(C7) -> 28 | C7: 45845 | D7: 13 | E7: =VLOOKUP(B7, wau!A:C,3,0) -> 76 | F7: =VLOOKUP(A7,mau!A:C,3,0) -> 193 | G7: =D7/E7 -> 0.17105263 | H7: =D7/F7 -> 0.067357513
A8: =MONTH(C8) -> 7 | B8: =_xlfn.ISOWEEKNUM(C8) -> 28 | C8: 45846 | D8: 22 | E8: =VLOOKUP(B8, wau!A:C,3,0) -> 76 | F8: =VLOOKUP(A8,mau!A:C,3,0) -> 193 | G8: =D8/E8 -> 0.28947368 | H8: =D8/F8 -> 0.11398964
A9: =MONTH(C9) -> 7 | B9: =_xlfn.ISOWEEKNUM(C9) -> 28 | C9: 45847 | D9: 22 | E9: =VLOOKUP(B9, wau!A:C,3,0) -> 76 | F9: =VLOOKUP(A9,mau!A:C,3,0) -> 193 | G9: =D9/E9 -> 0.28947368 | H9: =D9/F9 -> 0.11398964
A10: =MONTH(C10) -> 7 | B10: =_xlfn.ISOWEEKNUM(C10) -> 28 | C10: 45848 | D10: 26 | E10: =VLOOKUP(B10, wau!A:C,3,0) -> 76 | F10: =VLOOKUP(A10,mau!A:C,3,0) -> 193 | G10: =D10/E10 -> 0.34210526 | H10: =D10/F10 -> 0.13471503
A11: =MONTH(C11) -> 7 | B11: =_xlfn.ISOWEEKNUM(C11) -> 28 | C11: 45849 | D11: 23 | E11: =VLOOKUP(B11, wau!A:C,3,0) -> 76 | F11: =VLOOKUP(A11,mau!A:C,3,0) -> 193 | G11: =D11/E11 -> 0.30263158 | H11: =D11/F11 -> 0.11917098
A12: =MONTH(C12) -> 7 | B12: =_xlfn.ISOWEEKNUM(C12) -> 28 | C12: 45850 | D12: 24 | E12: =VLOOKUP(B12, wau!A:C,3,0) -> 76 | F12: =VLOOKUP(A12,mau!A:C,3,0) -> 193 | G12: =D12/E12 -> 0.31578947 | H12: =D12/F12 -> 0.12435233
A13: =MONTH(C13) -> 7 | B13: =_xlfn.ISOWEEKNUM(C13) -> 28 | C13: 45851 | D13: 30 | E13: =VLOOKUP(B13, wau!A:C,3,0) -> 76 | F13: =VLOOKUP(A13,mau!A:C,3,0) -> 193 | G13: =D13/E13 -> 0.39473684 | H13: =D13/F13 -> 0.15544041
... A304: =MONTH(C304) -> 4 | B304: =_xlfn.ISOWEEKNUM(C304) -> 18 | C304: 46142 | D304: 71 | E304: =VLOOKUP(B304, wau!A:C,3,0) -> 252 | F304: =VLOOKUP(A304,mau!A:C,3,0) -> 1027 | G304: =D304/E304 -> 0.28174603 | H304: =D304/F304 -> 0.069133398

Sheet dau
A1: day | B1: dau
A2: 45840 | B2: 3
A3: 45841 | B3: 6
A4: 45842 | B4: 5
A5: 45843 | B5: 10
A6: 45844 | B6: 5
A7: 45845 | B7: 13
A8: 45846 | B8: 22
A9: 45847 | B9: 22
A10: 45848 | B10: 26
A11: 45849 | B11: 23
A12: 45850 | B12: 24
A13: 45851 | B13: 30
... A304: 46142 | B304: 71

Sheet wau
A1: week_iso | B1: week | C1: wau
A2: =_xlfn.ISOWEEKNUM(B2) -> 27 | B2: 45838 | C2: 17
A3: =_xlfn.ISOWEEKNUM(B3) -> 28 | B3: 45845 | C3: 76
A4: =_xlfn.ISOWEEKNUM(B4) -> 29 | B4: 45852 | C4: 110
A5: =_xlfn.ISOWEEKNUM(B5) -> 30 | B5: 45859 | C5: 157
A6: =_xlfn.ISOWEEKNUM(B6) -> 31 | B6: 45866 | C6: 190
A7: =_xlfn.ISOWEEKNUM(B7) -> 32 | B7: 45873 | C7: 183
A8: =_xlfn.ISOWEEKNUM(B8) -> 33 | B8: 45880 | C8: 196
A9: =_xlfn.ISOWEEKNUM(B9) -> 34 | B9: 45887 | C9: 202
A10: =_xlfn.ISOWEEKNUM(B10) -> 35 | B10: 45894 | C10: 203
A11: =_xlfn.ISOWEEKNUM(B11) -> 36 | B11: 45901 | C11: 188
A12: =_xlfn.ISOWEEKNUM(B12) -> 37 | B12: 45908 | C12: 199
A13: =_xlfn.ISOWEEKNUM(B13) -> 38 | B13: 45915 | C13: 218
... A45: =_xlfn.ISOWEEKNUM(B45) -> 18 | B45: 46139 | C45: 252

Sheet mau
A1: month | B1: month_date | C1: mau
A2: =MONTH(B2) -> 7 | B2: 45839 | C2: 193
A3: =MONTH(B3) -> 8 | B3: 45870 | C3: 366
A4: =MONTH(B4) -> 9 | B4: 45901 | C4: 378
A5: =MONTH(B5) -> 10 | B5: 45931 | C5: 393
A6: =MONTH(B6) -> 11 | B6: 45962 | C6: 426
A7: =MONTH(B7) -> 12 | B7: 45992 | C7: 390
A8: =MONTH(B8) -> 1 | B8: 46023 | C8: 536
A9: =MONTH(B9) -> 2 | B9: 46054 | C9: 696
A10: =MONTH(B10) -> 3 | B10: 46082 | C10: 1544
A11: =MONTH(B11) -> 4 | B11: 46113 | C11: 1027
